step,loss,lr,exact_acc,digit_acc,elapsed
100,0.003741,3.00e-04,,,107.9
200,0.004253,3.00e-04,,,166.9
300,0.004343,3.00e-04,,,172.9
400,0.003627,3.00e-04,,,189.2
500,0.004346,3.00e-04,,,199.1
500,0.004346,3.00e-04,1.0000,1.0000,206.6
600,0.003707,3.00e-04,,,219.6
700,0.004363,3.00e-04,,,239.2
800,0.003862,3.00e-04,,,429.1
900,0.003859,3.00e-04,,,440.6
1000,0.003986,3.00e-04,,,452.3
1000,0.003986,3.00e-04,1.0000,1.0000,455.1
1100,0.004130,3.00e-04,,,463.0
1200,0.004977,3.00e-04,,,472.9
1300,0.003639,3.00e-04,,,481.3
1400,0.004220,3.00e-04,,,490.4
1500,0.003505,3.00e-04,,,496.0
1500,0.003505,3.00e-04,1.0000,1.0000,498.5
1600,0.004183,3.00e-04,,,509.7
1700,0.003784,3.00e-04,,,514.8
1800,0.004199,3.00e-04,,,519.6
1900,0.003692,3.00e-04,,,531.2
2000,0.005778,3.00e-04,,,543.0
2000,0.005778,3.00e-04,1.0000,1.0000,548.4
2100,0.003632,3.00e-04,,,561.9
2200,0.003975,3.00e-04,,,573.5
2300,0.003615,3.00e-04,,,583.0
2400,0.003612,3.00e-04,,,590.6
2500,0.003740,3.00e-04,,,604.4
2500,0.003740,3.00e-04,1.0000,1.0000,610.2
2600,0.003663,3.00e-04,,,615.5
2700,0.003376,3.00e-04,,,626.5
2800,0.003355,3.00e-04,,,633.7
2900,0.004065,3.00e-04,,,642.7
3000,0.004073,3.00e-04,,,649.6
3000,0.004073,3.00e-04,1.0000,1.0000,654.1
3100,0.004368,3.00e-04,,,665.0
3200,0.004095,3.00e-04,,,673.2
3300,0.003969,3.00e-04,,,678.2
3400,0.003456,3.00e-04,,,686.0
3500,0.003338,3.00e-04,,,694.3
3500,0.003338,3.00e-04,1.0000,1.0000,699.7
3600,0.004041,3.00e-04,,,709.3
3700,0.003388,3.00e-04,,,720.8
3800,0.003245,3.00e-04,,,730.6
3900,0.003880,3.00e-04,,,746.7
4000,0.003767,3.00e-04,,,761.1
4000,0.003767,3.00e-04,1.0000,1.0000,765.4
4100,0.003872,3.00e-04,,,776.4
4200,0.004153,3.00e-04,,,784.3
4300,0.003799,3.00e-04,,,790.3
4400,0.003124,3.00e-04,,,801.1
4500,0.004280,3.00e-04,,,806.2
4500,0.004280,3.00e-04,1.0000,1.0000,809.3
4600,0.003881,3.00e-04,,,813.3
4700,0.003387,3.00e-04,,,827.5
4800,0.003999,3.00e-04,,,846.4
4900,0.003585,3.00e-04,,,892.9
5000,0.003486,3.00e-04,,,920.1
5000,0.003486,3.00e-04,1.0000,1.0000,929.1
5100,0.003879,3.00e-04,,,960.1
5200,0.003542,3.00e-04,,,984.4
5300,0.003888,3.00e-04,,,1008.7
5400,0.003769,3.00e-04,,,1040.1
5500,0.003639,3.00e-04,,,1063.0
5500,0.003639,3.00e-04,1.0000,1.0000,1084.7
5600,0.003565,3.00e-04,,,1114.6
5700,0.003125,3.00e-04,,,1133.0
5800,0.003913,3.00e-04,,,1166.9
5900,0.003246,3.00e-04,,,1195.9
6000,0.003448,3.00e-04,,,1213.5
6000,0.003448,3.00e-04,1.0000,1.0000,1224.3
6100,0.003063,3.00e-04,,,1243.8
6200,0.003685,3.00e-04,,,1283.5
6300,0.003365,3.00e-04,,,1307.6
6400,0.003929,3.00e-04,,,1328.2
6500,0.003522,3.00e-04,,,1339.9
6500,0.003522,3.00e-04,1.0000,1.0000,1362.5
6600,0.003323,3.00e-04,,,1408.3
6700,0.003901,3.00e-04,,,1437.6
6800,0.003327,3.00e-04,,,1458.4
6900,0.003769,3.00e-04,,,1469.3
7000,0.003773,3.00e-04,,,1625.7
7000,0.003773,3.00e-04,1.0000,1.0000,1632.4
7100,0.003660,3.00e-04,,,1640.2
7200,0.003411,3.00e-04,,,1654.5
7300,0.003920,3.00e-04,,,1663.2
7400,0.003554,3.00e-04,,,1676.3
7500,0.003671,3.00e-04,,,1688.1
7500,0.003671,3.00e-04,1.0000,1.0000,1690.1
7600,0.003456,3.00e-04,,,1702.3
7700,0.003825,3.00e-04,,,1705.9
7800,0.003278,3.00e-04,,,1713.0
7900,0.003664,3.00e-04,,,1725.0
8000,0.003145,3.00e-04,,,1736.3
8000,0.003145,3.00e-04,1.0000,1.0000,1741.5
8100,0.003457,3.00e-04,,,1746.5
8200,0.003562,3.00e-04,,,1753.5
8300,0.003883,3.00e-04,,,1772.3
8400,0.003432,3.00e-04,,,2054.0
8500,0.003316,3.00e-04,,,2062.1
8500,0.003316,3.00e-04,1.0000,1.0000,2066.8
8600,0.002959,3.00e-04,,,2076.4
8700,0.003176,3.00e-04,,,2085.4
8800,0.003294,3.00e-04,,,2095.9
8900,0.002919,3.00e-04,,,2107.1
9000,0.003446,3.00e-04,,,2114.1
9000,0.003446,3.00e-04,1.0000,1.0000,2117.7
9100,0.003159,3.00e-04,,,2127.7
9200,0.003354,3.00e-04,,,2142.4
9300,0.003481,3.00e-04,,,2152.9
9400,0.003823,3.00e-04,,,2167.3
9500,0.003489,3.00e-04,,,2181.9
9500,0.003489,3.00e-04,1.0000,1.0000,2186.9
9600,0.003047,3.00e-04,,,2195.1
9700,0.003332,3.00e-04,,,2216.2
9800,0.003182,3.00e-04,,,2242.1
9900,0.003454,3.00e-04,,,2265.8
10000,0.002934,3.00e-04,,,2280.3
10000,0.002934,3.00e-04,1.0000,1.0000,2285.2
10100,0.003379,3.00e-04,,,2302.7
10200,0.003111,3.00e-04,,,2334.3
10300,0.003018,3.00e-04,,,2363.9
10400,0.003187,3.00e-04,,,2395.0
10500,0.002890,3.00e-04,,,2422.5
10500,0.002890,3.00e-04,1.0000,1.0000,2444.3
10600,0.002967,3.00e-04,,,2472.6
10700,0.003071,3.00e-04,,,2487.0
10800,0.003199,3.00e-04,,,2504.3
10900,0.002903,3.00e-04,,,2527.0
11000,0.003342,3.00e-04,,,2540.0
11000,0.003342,3.00e-04,1.0000,1.0000,2542.1
11100,0.003902,3.00e-04,,,2553.3
11200,0.003004,3.00e-04,,,2678.8
11300,0.003459,3.00e-04,,,2940.2
11400,0.003039,3.00e-04,,,3180.2
11500,0.003395,3.00e-04,,,3398.1
11500,0.003395,3.00e-04,1.0000,1.0000,3412.3
11600,0.003237,3.00e-04,,,3420.1
11700,0.003691,3.00e-04,,,3432.3
11800,0.003310,3.00e-04,,,3434.1
11900,0.003075,3.00e-04,,,3445.1
12000,0.002741,3.00e-04,,,3455.8
12000,0.002741,3.00e-04,1.0000,1.0000,3459.6
12100,0.003180,3.00e-04,,,3467.6
12200,0.003065,3.00e-04,,,3475.5
12300,0.002895,3.00e-04,,,3496.3
12400,0.003553,3.00e-04,,,3569.5
12500,0.002866,3.00e-04,,,3576.5
12500,0.002866,3.00e-04,1.0000,1.0000,3585.2
12600,0.003387,3.00e-04,,,3595.9
12700,0.003516,3.00e-04,,,3605.8
12800,0.003401,3.00e-04,,,3629.9
12900,0.003570,3.00e-04,,,3651.6
13000,0.003010,3.00e-04,,,3680.5
13000,0.003010,3.00e-04,1.0000,1.0000,3696.8
13100,0.003307,3.00e-04,,,3713.7
13200,0.003263,3.00e-04,,,3740.5
13300,0.003193,3.00e-04,,,3751.4
13400,0.003428,3.00e-04,,,3780.5
13500,0.003017,3.00e-04,,,3801.7
13500,0.003017,3.00e-04,1.0000,1.0000,3810.7
13600,0.003109,3.00e-04,,,3830.4
13700,0.003256,3.00e-04,,,3849.7
13800,0.003617,3.00e-04,,,3876.0
13900,0.003390,3.00e-04,,,3902.4
14000,0.003173,3.00e-04,,,3918.1
14000,0.003173,3.00e-04,1.0000,1.0000,3930.0
14100,0.002944,3.00e-04,,,3942.9
14200,0.003370,3.00e-04,,,3967.1
14300,0.002880,3.00e-04,,,3972.3
14400,0.003600,3.00e-04,,,4003.1
14500,0.002898,3.00e-04,,,4023.3
14500,0.002898,3.00e-04,1.0000,1.0000,4046.3
14600,0.003370,3.00e-04,,,4064.1
14700,0.002940,3.00e-04,,,4082.2
14800,0.003078,3.00e-04,,,4097.4
14900,0.002859,3.00e-04,,,4116.9
15000,0.003003,3.00e-04,,,4149.5
15000,0.003003,3.00e-04,1.0000,1.0000,4162.8
15100,0.002712,3.00e-04,,,4183.9
15200,0.003169,3.00e-04,,,4209.6
15300,0.003085,3.00e-04,,,4235.4
15400,0.002590,3.00e-04,,,4250.0
15500,0.003120,3.00e-04,,,4273.4
15500,0.003120,3.00e-04,1.0000,1.0000,4285.1
15600,0.004733,3.00e-04,,,4303.9
15700,0.002897,3.00e-04,,,4316.7
15800,0.003249,3.00e-04,,,4328.8
15900,0.002944,3.00e-04,,,4346.9
16000,0.003550,3.00e-04,,,4359.0
16000,0.003550,3.00e-04,1.0000,1.0000,4365.5
16100,0.002899,3.00e-04,,,4377.9
16200,0.003100,3.00e-04,,,4410.8
16300,0.003025,3.00e-04,,,4426.4
16400,0.002973,3.00e-04,,,4448.0
16500,0.003160,3.00e-04,,,4462.5
16500,0.003160,3.00e-04,1.0000,1.0000,4471.5
16600,0.002884,3.00e-04,,,4486.9
16700,0.003759,3.00e-04,,,4518.4
16800,0.002666,3.00e-04,,,4526.9
16900,0.002880,3.00e-04,,,4544.1
17000,0.002869,3.00e-04,,,4557.7
17000,0.002869,3.00e-04,1.0000,1.0000,4560.9
17100,0.002967,3.00e-04,,,4587.7
17200,0.002622,3.00e-04,,,4613.4
17300,0.003457,3.00e-04,,,4630.1
17400,0.002853,3.00e-04,,,4650.9
17500,0.002401,3.00e-04,,,4672.9
17500,0.002401,3.00e-04,1.0000,1.0000,4676.0
17600,0.003553,3.00e-04,,,4699.1
17700,0.002973,3.00e-04,,,4716.9
17800,0.002815,3.00e-04,,,4739.6
17900,0.002651,3.00e-04,,,4750.8
18000,0.002801,3.00e-04,,,4764.1
18000,0.002801,3.00e-04,1.0000,1.0000,4783.1
18100,0.003156,3.00e-04,,,4805.5
18200,0.003194,3.00e-04,,,4830.3
18300,0.003263,3.00e-04,,,4845.4
18400,0.002751,3.00e-04,,,4865.1
18500,0.002550,3.00e-04,,,4898.1
18500,0.002550,3.00e-04,1.0000,1.0000,4916.0
18600,0.003328,3.00e-04,,,4939.1
18700,0.002749,3.00e-04,,,4968.4
18800,0.003072,3.00e-04,,,4993.4
18900,0.002700,3.00e-04,,,5009.1
19000,0.002608,3.00e-04,,,5026.4
19000,0.002608,3.00e-04,1.0000,1.0000,5029.8
19100,0.002603,3.00e-04,,,5041.7
19200,0.003200,3.00e-04,,,5054.5
19300,0.002986,3.00e-04,,,5070.3
19400,0.002920,3.00e-04,,,5086.8
19500,0.002967,3.00e-04,,,5101.0
19500,0.002967,3.00e-04,1.0000,1.0000,5108.7
19600,0.003226,3.00e-04,,,5118.4
19700,0.002977,3.00e-04,,,5136.2
19800,0.002941,3.00e-04,,,5159.0
19900,0.002689,3.00e-04,,,5190.2
20000,0.002981,3.00e-04,,,5203.9
20000,0.002981,3.00e-04,1.0000,1.0000,5221.0
